{"cameraMode":{"drawMode":0,"name":"Shaded","section":"Shading Mode"},"sceneLighting":false,"audioPlay":false,"sceneViewState":{"showFog":true,"showMaterialUpdate":false,"showSkybox":true,"showFlares":true,"showImageEffects":true,"showParticleSystems":true},"in2DMode":false,"pivot":{"x":-1.8027379512786866,"y":2.466949701309204,"z":-0.6077413558959961},"rotation":{"x":-0.025215884670615197,"y":0.9746061563491821,"z":-0.14760591089725495,"w":-0.166494220495224},"size":7.495141506195068,"orthographic":false}